{
  "per_intent": {
    "general": {
      "support": 31,
      "tp": 30,
      "fp": 1,
      "fn": 1,
      "precision": 0.967741935483871,
      "recall": 0.967741935483871,
      "f1": 0.967741935483871
    },
    "ingestion": {
      "support": 3,
      "tp": 3,
      "fp": 0,
      "fn": 0,
      "precision": 1.0,
      "recall": 1.0,
      "f1": 1.0
    },
    "text_to_sql": {
      "support": 115,
      "tp": 114,
      "fp": 1,
      "fn": 1,
      "precision": 0.991304347826087,
      "recall": 0.991304347826087,
      "f1": 0.991304347826087
    },
    "visualization": {
      "support": 8,
      "tp": 8,
      "fp": 0,
      "fn": 0,
      "precision": 1.0,
      "recall": 1.0,
      "f1": 1.0
    },
    "web_search": {
      "support": 17,
      "tp": 17,
      "fp": 0,
      "fn": 0,
      "precision": 1.0,
      "recall": 1.0,
      "f1": 1.0
    }
  },
  "accuracy": 0.9885057471264368,
  "correct": 172,
  "total": 174,
  "macro_f1": 0.9918092566619915,
  "latency_ms": {
    "mean": 3449.58082918712,
    "median": 3216.390415444039,
    "p50": 3237.1212149737403,
    "p95": 8010.121771018021,
    "p99": 8013.477472006343,
    "min": 3.4504940267652273,
    "max": 8016.538346069865
  },
  "confusion": {
    "text_to_sql": {
      "text_to_sql": 114,
      "general": 1
    },
    "general": {
      "general": 30,
      "text_to_sql": 1
    },
    "web_search": {
      "web_search": 17
    },
    "visualization": {
      "visualization": 8
    },
    "ingestion": {
      "ingestion": 3
    }
  },
  "errors": 0
}